User_ID,Registration_Date,Total_Dreams,Active_Days,Still_Active_Week2,Dreams_With_Emotions,DNA_Viewed,DNA_Recomputed,DNA_Personality,Evolution_Score,Health_Score,Dominant_Emotion,Art_Generated,Mindmaps_Created,Dream_Maps_Created,Totems_Collected,Totems_Deleted,Riddles_Attempted,Riddles_Solved,Riddle_Success_Rate,Avatar_Created,Avatar_Updated,Sky_Temple_Visited,Sky_Chapters_Completed,Forest_Visited,Forest_Chapters_Completed,Cloud_Kingdom_Visited,Cloud_Chapters_Completed,Total_Story_Chapters,Shared_Dreams,Likes_Given,Comments_Given,Messages_Sent,Messages_Received,Notifications_Clicked,Library_Texts_Viewed,Library_PDFs_Downloaded,Support_Locator_Used,Tutorial_Completed,Dreams_Exported_PDF,Individual_Dream_Downloads,Features_Used_Count,Avg_Session_Minutes,Total_Logins,Dreams_With_Story,User_Segment,Engagement_Index,Retained,Evolution_Score_Day1,Health_Score_Day1,Evolution_Score_Change,Health_Score_Change
U001,2025-11-20,1,1,No,0,No,0,-,0,0,-,0,0,0,0,0,0,0,0%,No,0,No,0,No,0,No,0,1,0,1,0,0,0,0,0,0,No,No,0,0,0,3,1,0,Drop-off,3.77,0,30,30,-30,-30
U002,2025-11-20,1,1,No,1,No,0,-,0,4,-,0,0,0,0,0,0,0,0%,No,0,No,0,No,0,No,0,0,0,0,0,1,0,0,0,0,No,No,0,0,3,5,2,0,Drop-off,4.13,0,30,30,-30,-26
U003,2025-11-20,2,1,No,1,No,0,-,3,0,-,0,0,0,0,0,0,0,0%,No,0,No,0,No,0,No,0,0,0,0,0,0,0,0,0,0,No,No,0,0,2,10,1,0,Drop-off,5.52,0,30,30,-27,-30
U004,2025-11-21,2,1,No,0,No,0,-,0,0,-,0,0,0,0,0,0,0,0%,No,0,No,0,No,0,No,0,0,0,0,0,0,0,0,0,0,No,No,0,0,2,9,1,0,Drop-off,5.52,0,30,30,-30,-30
U005,2025-11-21,3,2,No,2,Yes,0,Balanced Dreamer,21,20,Joy,0,0,0,1,0,0,0,0%,No,0,No,0,No,0,No,0,0,0,2,1,0,0,1,0,0,No,No,0,0,2,12,2,0,Drop-off,10.88,0,30,30,-9,-10
U006,2025-11-21,2,1,No,0,No,0,-,0,0,-,0,0,0,0,0,0,0,0%,No,0,No,0,No,0,No,0,0,0,0,0,1,0,0,0,0,No,No,0,0,0,3,1,0,Drop-off,5.52,0,30,30,-30,-30
U007,2025-11-21,1,2,No,1,No,0,-,0,0,-,0,0,0,0,0,1,0,0%,No,0,No,0,No,0,No,0,0,0,3,0,0,0,0,0,0,No,No,0,0,1,13,2,0,Drop-off,4.13,0,30,30,-30,-30
U008,2025-11-22,2,1,No,1,No,0,-,3,0,-,0,0,0,0,0,0,0,0%,No,0,No,0,No,0,No,0,0,0,0,1,0,0,0,0,0,No,No,0,0,1,3,3,0,Drop-off,7.34,0,30,30,-27,-30
U009,2025-11-22,3,2,No,2,Yes,0,Radiant Dreamer,24,28,Joy,0,0,0,1,0,1,0,0%,No,0,Yes,1,No,0,No,0,3,0,4,2,0,0,2,1,0,No,Yes,0,0,4,17,2,0,Drop-off,12.55,0,30,30,-6,-2
U010,2025-11-22,1,1,No,0,No,0,-,0,0,-,0,0,0,0,0,0,0,0%,No,0,No,0,No,0,No,0,1,0,1,1,0,0,0,0,0,No,No,0,0,1,8,1,0,Drop-off,3.77,0,30,30,-30,-30
U011,2025-11-23,2,1,No,1,No,0,-,2,1,-,0,0,0,0,0,0,0,0%,No,0,No,0,No,0,No,0,2,0,1,1,0,0,0,0,0,No,No,0,0,0,4,2,0,Drop-off,7.54,0,30,30,-28,-29
U012,2025-11-23,2,1,No,0,No,0,-,0,0,-,0,0,0,0,0,0,0,0%,No,0,No,0,No,0,No,0,0,0,0,0,0,0,0,0,0,No,No,0,0,1,9,2,0,Drop-off,6.43,0,30,30,-30,-30
U013,2025-11-24,4,3,No,3,Yes,0,Vigilant Dreamer,34,33,Fear,1,0,0,2,0,2,1,50%,No,0,Yes,2,No,0,No,0,0,0,5,1,0,0,3,1,0,No,Yes,0,0,6,25,6,0,Drop-off,21.19,0,30,30,4,3
U014,2025-11-24,0,1,No,0,No,0,-,4,2,-,0,0,0,0,0,0,0,0%,No,0,No,0,No,0,No,0,0,0,2,1,1,0,0,0,0,No,No,0,0,1,4,1,0,Drop-off,0.91,0,30,30,-26,-28
U015,2025-11-25,1,2,No,1,No,0,-,0,3,-,0,0,0,0,0,0,0,0%,No,0,No,0,No,0,No,0,0,0,3,0,0,0,0,0,0,No,No,0,0,1,7,4,0,Drop-off,5.94,0,30,30,-30,-27
U016,2025-11-25,1,1,No,0,No,0,-,0,0,-,0,0,0,0,0,0,0,0%,No,0,No,0,No,0,No,0,0,0,0,0,1,0,0,0,0,No,No,0,0,2,3,1,0,Drop-off,3.22,0,30,30,-30,-30
U017,2025-11-26,2,2,No,2,Yes,0,Reflective Dreamer,25,23,Sadness,0,0,0,1,0,1,0,0%,No,0,No,0,No,0,No,0,2,0,3,0,0,0,2,0,0,No,Yes,0,0,5,18,2,0,Drop-off,9.69,0,30,30,-5,-7
U018,2025-11-26,2,1,No,0,No,0,-,3,0,-,0,0,0,0,0,0,0,0%,No,0,No,0,No,0,No,0,0,0,0,1,0,0,0,0,0,No,No,0,0,2,7,1,0,Drop-off,5.52,0,30,30,-27,-30
U019,2025-11-27,2,1,No,1,No,0,-,2,0,-,0,0,0,0,0,0,0,0%,No,0,No,0,No,0,No,0,1,0,2,0,0,0,0,0,0,No,No,0,0,2,5,3,0,Drop-off,7.9,0,30,30,-28,-30
U020,2025-11-27,1,1,No,0,No,0,-,0,4,-,0,0,0,0,0,0,0,0%,No,0,No,0,No,0,No,0,0,0,2,0,1,0,0,0,0,No,No,0,0,1,8,2,0,Drop-off,4.13,0,30,30,-30,-26
U021,2025-11-28,3,3,No,3,Yes,0,Seeker Dreamer,42,35,Surprise,1,0,0,2,0,2,1,50%,No,0,Yes,1,No,0,No,0,2,0,6,0,0,0,3,1,0,No,Yes,0,0,6,28,6,0,Drop-off,20.0,0,30,30,12,5
U022,2025-11-28,1,1,No,0,No,0,-,0,2,-,0,0,0,0,0,0,0,0%,No,0,No,0,No,0,No,0,1,0,0,1,0,0,0,0,0,No,No,0,0,1,9,1,0,Drop-off,3.77,0,30,30,-30,-28
U023,2025-11-29,2,2,No,1,No,0,-,0,0,-,0,0,0,0,0,0,0,0%,No,0,No,0,No,0,No,0,2,0,1,0,0,0,0,0,0,No,No,0,0,2,6,2,0,Drop-off,7.54,0,30,30,-30,-30
U024,2025-11-29,2,1,No,0,No,0,-,0,3,-,0,0,0,0,0,0,0,0%,No,0,No,0,No,0,No,0,2,0,0,0,0,0,0,0,0,No,No,0,0,2,1,1,0,Drop-off,6.64,0,30,30,-30,-27
U025,2025-11-30,4,2,No,2,Yes,0,Shadow Explorer,26,19,Fear,0,0,0,1,0,1,0,0%,No,0,No,0,No,0,No,0,0,0,4,0,0,0,2,0,0,No,Yes,0,0,5,18,2,0,Drop-off,13.19,0,30,30,-4,-11
U026,2025-11-30,0,1,No,0,No,0,-,0,3,-,0,0,0,0,0,0,0,0%,No,0,No,0,No,0,No,0,0,0,0,0,0,0,0,0,0,No,No,0,0,2,9,1,0,Drop-off,0.91,0,30,30,-30,-27
U027,2025-12-01,2,1,No,1,No,0,-,3,0,-,0,0,0,0,0,0,0,0%,No,0,No,0,No,0,No,0,0,0,0,1,1,0,0,0,0,No,No,0,0,0,8,1,0,Drop-off,5.52,0,30,30,-27,-30
U028,2025-12-01,2,1,No,0,No,0,-,4,0,-,0,0,0,0,0,0,0,0%,No,0,No,0,No,0,No,0,1,0,0,0,0,0,0,0,0,No,No,0,0,0,10,1,0,Drop-off,6.08,0,30,30,-26,-30
U029,2025-12-02,5,3,No,3,Yes,0,Radiant Dreamer,38,37,Joy,1,0,0,2,0,2,1,50%,No,0,Yes,2,No,0,No,0,1,0,7,1,0,0,4,1,0,No,Yes,0,0,8,32,6,0,Drop-off,24.06,0,30,30,8,7
U030,2025-12-02,0,1,No,0,No,0,-,0,1,-,0,0,0,0,0,0,0,0%,No,0,No,0,No,0,No,0,1,0,1,0,0,0,0,0,0,No,No,0,0,1,7,1,0,Drop-off,1.46,0,30,30,-30,-29
U031,2025-12-03,2,2,No,1,No,0,-,0,3,-,0,0,0,0,0,0,0,0%,No,0,No,0,No,0,No,0,1,0,0,0,0,0,0,0,0,No,No,0,0,2,13,4,0,Drop-off,8.81,0,30,30,-30,-27
U032,2025-12-03,1,1,No,0,No,0,-,0,0,-,0,0,0,0,0,0,0,0%,No,0,No,0,No,0,No,0,0,0,0,0,0,0,0,0,0,No,No,0,0,0,10,1,0,Drop-off,3.22,0,30,30,-30,-30
U033,2025-12-04,4,2,No,2,Yes,0,Vigilant Dreamer,30,22,Fear,0,0,0,1,0,1,0,0%,No,0,No,0,No,0,No,0,2,0,3,1,1,0,2,0,0,No,Yes,0,0,5,21,4,0,Drop-off,16.12,0,30,30,0,-8
U034,2025-12-04,1,1,No,0,No,0,-,0,0,-,0,0,0,0,0,0,0,0%,No,0,No,0,No,0,No,0,0,0,0,0,0,0,0,0,0,No,No,0,0,2,4,1,0,Drop-off,3.22,0,30,30,-30,-30
U035,2025-11-20,2,1,No,1,No,0,-,0,2,-,0,0,0,0,0,0,0,0%,No,0,No,0,No,0,No,0,0,0,1,0,0,0,0,0,0,No,No,0,0,1,6,3,0,Drop-off,7.34,0,30,30,-30,-28
U036,2025-11-21,2,1,No,0,No,0,-,4,1,-,0,0,0,0,0,0,0,0%,No,0,No,0,No,0,No,0,0,0,1,1,0,0,0,0,0,No,No,0,0,1,1,1,0,Drop-off,5.52,0,30,30,-26,-29
U037,2025-11-22,3,3,No,3,Yes,0,Reflective Dreamer,36,27,Sadness,1,0,0,2,0,2,1,50%,No,0,Yes,1,No,0,No,0,3,0,2,2,1,0,3,1,0,No,Yes,0,0,7,29,4,0,Drop-off,18.73,0,31,30,5,-3
U038,2025-11-23,1,1,No,0,No,0,-,0,0,-,0,0,0,0,0,0,0,0%,No,0,No,0,No,0,No,0,0,0,0,1,1,0,0,0,0,No,No,0,0,2,7,1,0,Drop-off,3.22,0,30,30,-30,-30
U039,2025-11-24,1,2,No,1,No,0,-,3,0,-,0,0,0,0,0,0,0,0%,No,0,No,0,No,0,No,0,0,0,0,0,0,0,0,0,0,No,No,0,0,3,14,3,0,Drop-off,5.03,0,30,30,-27,-30
U040,2025-11-25,2,1,No,0,No,0,-,0,4,-,0,0,0,0,0,0,0,0%,No,0,No,0,No,0,No,0,0,0,0,0,0,0,0,0,0,No,No,0,0,0,5,2,0,Drop-off,6.43,0,30,30,-30,-26
U041,2025-11-26,2,2,No,2,Yes,0,Seeker Dreamer,28,30,Surprise,0,0,0,1,0,1,0,0%,No,0,No,0,No,0,No,0,0,0,5,0,1,0,2,0,0,No,Yes,0,0,3,19,3,0,Drop-off,9.49,0,30,30,-2,0
U042,2025-12-04,6,7,Yes,5,Yes,1,Radiant Storyweaver,51,55,Joy,2,1,0,3,0,4,3,0.75,Yes,1,Yes,4,Yes,2,No,0,5,1,8,4,1,1,5,3,1,No,Yes,0,0,9,38,13,3,Moderate,41.54,1,40,40,11,15
U043,2025-12-01,5,6,Yes,4,Yes,0,Seeker Dreamer,51,57,Surprise,1,1,0,2,0,3,2,0.67,No,0,Yes,4,Yes,1,No,0,6,1,5,1,0,1,4,2,1,No,Yes,0,0,10,27,6,4,Moderate,29.06,1,40,40,11,17
U044,2025-11-27,7,9,Yes,6,Yes,1,Seeker Dreamer,69,72,Fear,2,1,1,3,0,5,4,0.8,Yes,1,Yes,6,Yes,3,No,0,12,1,7,4,2,1,6,4,1,No,Yes,0,0,13,44,13,4,Moderate,49.96,1,52,43,17,29
U045,2025-11-25,4,6,Yes,4,Yes,0,Radiant Dreamer,43,52,Joy,1,1,0,2,0,3,2,0.67,No,0,Yes,3,Yes,1,No,0,3,0,7,2,0,0,4,2,1,No,Yes,0,0,7,24,8,3,Moderate,26.9,1,40,40,3,12
U046,2025-12-04,8,7,Yes,5,Yes,1,Radiant Dreamer,54,59,Joy,2,1,0,3,0,4,3,0.75,Yes,1,Yes,4,Yes,2,No,0,7,1,9,2,1,1,5,3,1,No,Yes,0,0,12,36,11,5,Moderate,45.45,1,40,40,14,19
U047,2025-11-20,5,6,Yes,4,Yes,0,Seeker Dreamer,50,54,Surprise,1,0,0,2,0,2,1,0.5,No,0,Yes,3,No,0,No,0,2,0,8,1,1,0,4,2,1,No,Yes,0,0,7,32,6,5,Moderate,24.61,1,40,40,10,14
U048,2025-11-28,7,6,Yes,4,Yes,0,Reflective Dreamer,44,52,Sadness,1,1,0,2,0,3,2,0.67,No,0,Yes,3,Yes,2,No,0,4,1,7,2,2,1,4,2,1,No,Yes,0,0,9,19,6,6,Moderate,32.56,1,40,40,4,12
U049,2025-11-23,6,7,Yes,5,Yes,1,Reflective Dreamer,50,53,Sadness,2,1,0,3,0,4,3,0.75,Yes,1,Yes,4,Yes,2,No,0,7,1,10,5,0,1,5,3,1,No,Yes,0,0,10,35,7,4,Moderate,37.19,1,40,40,10,13
U050,2025-11-22,4,5,Yes,3,Yes,0,Radiant Storyweaver,42,48,Joy,1,0,0,2,0,2,1,0.5,No,0,Yes,2,Yes,1,No,0,2,0,4,1,0,0,3,1,0,No,No,0,0,6,22,5,2,Moderate,21.4,1,40,40,2,8
U051,2025-11-20,6,6,Yes,4,Yes,0,Radiant Dreamer,55,47,Joy,1,0,0,2,0,2,1,0.5,No,0,Yes,3,No,0,No,0,0,0,5,3,1,0,4,2,1,No,Yes,0,0,7,32,6,3,Moderate,25.81,1,40,40,15,7
U052,2025-11-20,6,7,Yes,5,Yes,1,Reflective Dreamer,59,52,Surprise,2,1,0,3,0,3,2,0.67,Yes,1,Yes,4,Yes,2,No,0,6,1,9,3,2,1,5,3,1,No,Yes,0,0,9,39,11,5,Moderate,38.05,1,40,40,19,12
U053,2025-11-21,2,5,No,2,Yes,0,Guardian of Totems,47,45,Anger,0,0,0,2,0,1,1,1.0,No,0,No,0,Yes,3,No,0,0,0,3,1,1,0,3,1,0,No,Yes,0,0,5,26,6,1,Moderate,16.58,0,40,40,7,5
U054,2025-11-21,4,6,Yes,4,Yes,0,Radiant Storyweaver,50,57,Joy,1,1,0,2,0,2,2,1.0,No,0,Yes,2,Yes,1,No,0,3,0,5,3,1,0,4,2,1,No,Yes,0,0,8,28,8,4,Moderate,26.9,1,40,40,10,17
U055,2025-11-22,6,8,Yes,5,Yes,1,Radiant Dreamer,59,60,Joy,2,1,1,3,0,4,3,0.75,Yes,1,Yes,5,No,0,Yes,2,4,1,6,4,1,1,6,3,1,No,Yes,0,0,12,34,14,4,Moderate,41.89,1,40,40,19,20
U056,2025-11-22,4,4,No,3,Yes,0,Shadow Explorer,45,44,Anger,1,0,0,2,0,2,1,0.5,No,0,Yes,2,No,0,No,0,3,0,6,1,0,0,3,1,0,No,No,0,0,7,21,5,4,Moderate,21.95,0,40,40,5,4
U057,2025-11-23,9,9,Yes,6,Yes,1,Melancholic Dreamwalker,63,64,Sadness,3,1,0,4,0,5,4,0.8,Yes,2,Yes,6,Yes,3,No,0,6,2,11,4,4,2,7,4,2,No,Yes,1,0,14,42,13,6,Moderate,53.38,1,40,48,23,16
U058,2025-11-23,5,7,Yes,4,Yes,0,Reflective Dreamer,46,53,Surprise,1,1,0,2,0,3,2,0.67,No,0,Yes,4,Yes,2,No,0,6,1,9,3,0,1,5,2,1,No,Yes,0,0,10,33,9,4,Moderate,31.78,1,40,40,6,13
U059,2025-11-24,5,8,Yes,5,Yes,1,Radiant Dreamer,59,60,Joy,2,1,0,3,0,4,3,0.75,Yes,1,Yes,5,Yes,2,Yes,1,10,1,7,4,1,1,5,3,1,No,Yes,0,0,12,37,10,5,Moderate,39.28,1,40,40,19,20
U060,2025-11-24,4,5,Yes,3,Yes,0,Seeker Dreamer,48,50,Fear,1,0,0,2,0,2,1,0.5,No,0,No,0,Yes,2,No,0,2,0,8,2,0,0,3,1,0,No,Yes,0,0,6,25,5,1,Moderate,21.4,1,40,40,8,10
U061,2025-11-25,8,10,Yes,7,Yes,2,Guardian of Totems,67,70,Fear,3,2,1,4,0,6,5,0.83,Yes,2,Yes,7,Yes,4,Yes,2,11,2,15,4,2,2,8,5,2,Yes,Yes,1,1,15,48,13,5,Moderate,56.07,1,51,53,16,17
U062,2025-11-25,5,6,Yes,4,Yes,0,Reflective Dreamer,55,49,Joy,1,1,0,2,0,3,2,0.67,No,0,Yes,3,Yes,1,No,0,3,0,8,1,1,0,4,2,1,No,Yes,0,0,11,26,8,4,Moderate,29.21,1,40,40,15,9
U063,2025-11-26,6,7,Yes,5,Yes,1,Reflective Dreamer,56,58,Surprise,2,1,0,3,0,3,2,0.67,Yes,1,Yes,4,No,0,Yes,3,3,1,9,3,3,1,5,3,1,No,Yes,0,0,10,35,8,3,Moderate,33.66,1,40,40,16,18
U064,2025-11-26,4,6,Yes,4,Yes,0,Radiant Dreamer,47,50,Surprise,1,0,0,2,0,2,2,1.0,No,0,Yes,3,Yes,1,No,0,7,0,7,4,0,0,4,2,1,No,Yes,0,0,6,22,7,3,Moderate,28.21,1,40,40,7,10
U065,2025-11-27,6,9,Yes,6,Yes,1,Seeker Dreamer,62,72,Surprise,2,1,1,3,0,5,4,0.8,Yes,1,Yes,6,Yes,3,No,0,12,1,10,5,2,1,6,4,1,No,Yes,0,0,12,36,11,6,Moderate,45.83,1,46,50,16,22
U066,2025-11-27,2,5,No,2,Yes,0,Reflective Dreamer,43,48,Sadness,1,0,0,2,0,1,1,1.0,No,0,No,0,Yes,2,No,0,1,0,8,2,1,0,3,1,0,No,No,0,0,6,20,7,2,Moderate,18.04,0,40,40,3,8
U067,2025-11-28,9,11,Yes,8,Yes,2,Melancholic Dreamwalker,75,70,Joy,4,2,1,5,0,7,6,0.86,Yes,3,Yes,8,Yes,5,Yes,3,14,3,14,5,3,3,10,6,3,Yes,Yes,1,1,16,55,15,7,Moderate,66.23,1,50,45,25,25
U068,2025-11-28,7,7,Yes,5,Yes,1,Reflective Dreamer,59,63,Surprise,2,1,0,3,0,4,3,0.75,Yes,1,Yes,5,Yes,2,No,0,4,1,11,2,1,1,6,3,1,No,Yes,0,0,9,34,12,6,Moderate,42.38,1,40,43,19,20
U069,2025-11-29,4,6,Yes,4,Yes,0,Seeker Dreamer,56,55,Surprise,1,1,0,2,0,3,2,0.67,No,0,Yes,4,No,0,Yes,2,5,1,7,2,1,1,5,2,1,No,Yes,0,0,7,30,11,4,Moderate,30.74,1,40,40,16,15
U070,2025-11-29,8,8,Yes,6,Yes,1,Guardian of Totems,54,67,Anger,2,1,1,3,0,5,4,0.8,Yes,2,Yes,6,Yes,2,No,0,9,2,11,4,0,2,7,4,2,No,Yes,1,0,10,33,14,8,Moderate,51.51,1,40,52,14,15
U071,2025-11-30,6,7,Yes,5,Yes,1,Reflective Dreamer,52,54,Sadness,2,1,0,3,0,4,3,0.75,No,0,Yes,4,Yes,3,No,0,5,1,6,3,0,1,5,3,1,No,Yes,0,0,9,26,9,4,Moderate,37.9,1,40,40,12,14
U072,2025-11-30,6,6,Yes,4,Yes,0,Radiant Storyweaver,48,47,Sadness,1,0,0,2,0,2,2,1.0,Yes,1,Yes,3,No,0,No,0,5,0,6,1,0,0,4,2,1,No,Yes,0,0,9,25,7,4,Moderate,31.72,1,40,40,8,7
U073,2025-12-01,8,10,Yes,7,Yes,2,Reflective Dreamer,61,73,Surprise,3,2,1,4,0,6,5,0.83,Yes,2,Yes,7,Yes,3,Yes,2,8,2,12,6,2,2,8,5,2,No,Yes,1,1,13,53,13,4,Moderate,54.41,1,40,55,21,18
U074,2025-12-01,6,6,Yes,4,Yes,0,Reflective Dreamer,45,56,Joy,1,1,0,2,0,3,2,0.67,No,0,Yes,4,Yes,1,No,0,7,1,8,2,1,1,4,2,1,No,Yes,0,0,9,29,9,3,Moderate,34.65,1,40,40,5,16
U075,2025-12-02,7,8,Yes,5,Yes,1,Radiant Dreamer,51,65,Joy,2,1,1,3,0,4,3,0.75,Yes,1,Yes,5,No,0,Yes,3,11,1,8,4,1,1,6,3,1,No,Yes,0,0,10,36,11,3,Moderate,45.36,1,40,48,11,17
U076,2025-12-02,4,5,Yes,3,Yes,0,Reflective Dreamer,40,50,Sadness,1,0,0,2,0,2,1,0.5,No,0,Yes,2,Yes,1,No,0,1,0,3,1,0,0,3,1,0,No,No,0,0,8,29,6,2,Moderate,21.75,1,40,40,0,10
U077,2025-12-03,7,9,Yes,6,Yes,1,Seeker Dreamer,62,60,Surprise,2,1,0,3,0,5,4,0.8,Yes,1,Yes,6,Yes,2,Yes,1,8,2,12,3,3,2,6,4,2,No,Yes,0,0,10,32,10,6,Moderate,45.01,1,40,40,22,20
U078,2025-12-03,3,7,Yes,3,Yes,0,Seeker Dreamer,49,52,Surprise,1,1,0,2,0,3,2,0.67,No,0,Yes,4,No,0,No,0,4,1,8,2,1,1,4,2,1,No,Yes,0,0,6,32,8,2,Moderate,25.15,1,40,40,9,12
U079,2025-12-04,5,7,Yes,5,Yes,1,Radiant Dreamer,56,61,Joy,2,1,0,3,0,4,3,0.75,Yes,1,Yes,4,Yes,2,No,0,10,1,7,2,1,1,5,3,1,No,Yes,0,0,10,31,9,5,Moderate,38.37,1,40,40,16,21
U080,2025-12-04,5,5,No,3,Yes,0,Shadow Explorer,38,52,Fear,1,0,0,2,0,2,1,0.5,No,0,No,0,Yes,3,No,0,0,0,3,0,0,0,3,1,0,No,Yes,0,0,6,26,7,0,Moderate,24.41,0,40,40,-2,12
U081,2025-11-21,5,7,Yes,4,Yes,0,Shadow Explorer,49,46,Sadness,1,1,0,2,0,3,2,0.67,No,0,Yes,3,Yes,2,No,0,4,1,4,3,3,1,4,2,1,No,Yes,0,0,9,21,9,1,Moderate,30.67,1,40,40,9,6
U082,2025-11-21,5,8,Yes,5,Yes,1,Reflective Dreamer,59,62,Surprise,2,1,0,3,0,4,3,0.75,Yes,1,Yes,5,No,0,Yes,2,7,1,10,4,2,1,5,3,1,No,Yes,0,0,11,29,9,3,Moderate,36.7,1,42,45,17,17
U083,2025-11-22,3,6,Yes,3,Yes,0,Seeker Dreamer,54,46,Fear,1,0,0,2,0,2,1,0.5,No,0,Yes,2,Yes,1,No,0,5,0,5,1,2,0,3,1,0,No,No,0,0,8,24,7,1,Moderate,22.57,1,40,40,14,6
U084,2025-11-22,6,9,Yes,6,Yes,1,Seeker Dreamer,64,63,Surprise,2,1,1,3,0,5,4,0.8,Yes,2,Yes,6,Yes,3,No,0,11,2,12,3,3,2,7,4,2,No,Yes,1,0,14,40,13,2,Moderate,47.09,1,40,46,24,17
U085,2025-11-23,3,6,Yes,3,Yes,0,Seeker Dreamer,51,48,Surprise,1,1,0,2,0,3,2,0.67,No,0,Yes,3,No,0,Yes,1,7,0,6,0,0,0,4,2,1,No,Yes,0,0,9,21,6,3,Moderate,25.0,1,40,40,11,8
U086,2025-11-23,5,7,Yes,5,Yes,1,Reflective Dreamer,47,60,Joy,2,1,0,3,0,4,3,0.75,Yes,1,Yes,4,Yes,2,No,0,5,1,10,4,2,1,5,3,1,No,Yes,0,0,12,30,9,4,Moderate,35.59,1,40,40,7,20
U087,2025-11-24,10,10,Yes,7,Yes,2,Reflective Dreamer,64,80,Sadness,3,2,1,4,0,6,5,0.83,Yes,2,Yes,7,Yes,4,Yes,1,12,2,15,6,2,2,8,5,2,Yes,Yes,1,1,12,50,10,7,Moderate,58.52,1,49,55,15,25
U088,2025-11-24,6,6,Yes,4,Yes,0,Melancholic Dreamwalker,49,50,Sadness,1,0,0,2,0,2,2,1.0,No,0,Yes,3,Yes,1,No,0,4,0,8,0,1,0,4,2,1,No,Yes,0,0,6,29,9,6,Moderate,32.98,1,40,40,9,10
U089,2025-11-25,4,8,Yes,4,Yes,1,Reflective Dreamer,54,58,Joy,2,1,1,3,0,4,3,0.75,Yes,1,Yes,5,No,0,Yes,3,8,1,9,1,2,1,6,3,1,No,Yes,0,0,9,41,8,4,Moderate,34.04,1,40,40,14,18
U090,2025-11-25,5,5,Yes,3,Yes,0,Radiant Storyweaver,44,41,Joy,1,0,0,2,0,2,1,0.5,No,0,No,0,Yes,2,No,0,1,0,5,1,1,0,3,1,0,No,No,0,0,5,21,5,2,Moderate,23.15,1,40,40,4,1
U091,2025-11-26,6,9,Yes,6,Yes,1,Melancholic Dreamwalker,63,64,Fear,2,1,0,3,0,5,4,0.8,Yes,1,Yes,6,Yes,2,Yes,2,11,2,13,4,2,2,6,4,2,No,Yes,0,0,11,43,14,6,Moderate,48.0,1,43,47,20,17
U092,2025-11-26,5,7,Yes,4,Yes,0,Reflective Dreamer,48,51,Joy,1,1,0,2,0,3,2,0.67,No,0,Yes,4,No,0,No,0,5,1,5,0,0,1,4,2,1,No,Yes,0,0,10,24,8,5,Moderate,30.32,1,40,40,8,11
U093,2025-11-27,6,7,Yes,5,Yes,1,Seeker Dreamer,58,56,Surprise,2,1,0,3,0,4,3,0.75,Yes,1,Yes,5,Yes,1,No,0,6,1,9,3,2,1,5,3,1,No,Yes,0,0,10,24,7,5,Moderate,36.64,1,41,40,17,16
U094,2025-11-27,9,11,Yes,8,Yes,2,Radiant Dreamer,66,66,Joy,3,2,1,4,0,7,6,0.86,Yes,3,Yes,8,Yes,4,Yes,2,15,3,11,4,5,3,9,6,3,Yes,Yes,1,1,15,56,17,8,Moderate,66.46,1,45,45,21,21
U095,2025-11-28,4,6,Yes,4,Yes,0,Radiant Dreamer,45,52,Joy,1,1,0,2,0,3,2,0.67,No,0,Yes,3,Yes,2,No,0,3,1,6,3,0,1,4,2,1,No,Yes,0,0,8,29,8,4,Moderate,26.9,1,40,40,5,12
U096,2025-11-28,5,8,Yes,5,Yes,1,Vigilant Dreamer,60,55,Joy,2,1,1,3,0,4,3,0.75,Yes,1,Yes,5,No,0,Yes,2,11,1,13,2,4,1,5,3,1,No,Yes,0,0,12,36,12,4,Moderate,41.65,1,41,40,19,15
U097,2025-11-29,5,6,Yes,3,Yes,0,Radiant Storyweaver,47,48,Joy,1,0,0,2,0,2,1,0.5,No,0,Yes,2,Yes,1,No,0,3,0,6,2,0,0,3,1,0,No,No,0,0,6,26,7,2,Moderate,26.08,1,40,40,7,8
U098,2025-11-29,8,9,Yes,6,Yes,1,Shadow Explorer,68,64,Fear,2,1,0,3,0,5,4,0.8,Yes,2,Yes,6,Yes,3,No,0,7,2,7,3,0,2,7,4,2,No,Yes,1,0,14,47,11,2,Moderate,47.67,1,43,40,25,24
U099,2025-11-30,3,7,Yes,3,Yes,0,Shadow Explorer,43,53,Fear,1,1,0,2,0,3,2,0.67,No,0,Yes,4,No,0,Yes,1,3,1,8,4,2,1,4,2,1,No,Yes,0,0,9,33,8,2,Moderate,24.59,1,40,40,3,13
U100,2025-11-30,5,7,Yes,5,Yes,1,Radiant Dreamer,52,59,Joy,2,1,0,3,0,4,3,0.75,Yes,1,Yes,4,Yes,2,No,0,7,1,6,3,0,1,5,3,1,No,Yes,0,0,11,34,11,4,Moderate,38.52,1,40,40,12,19
U101,11/20/2025,11,13,Yes,11,Yes,3,Vigilant Dreamer,82,90,Surprise,5,3,2,6,1,10,8,80%,Yes,4,Yes,9,Yes,7,Yes,6,22,4,18,6,6,5,12,8,3,Yes,Yes,2,3,17,62,20,3,High Engagement,86.42,1,45,58,37,32
U102,11/20/2025,9,12,Yes,9,Yes,2,Reflective Dreamer,77,79,Surprise,4,2,1,5,0,8,3,38%,Yes,3,Yes,8,Yes,5,Yes,4,18,3,17,5,4,4,10,7,2,Yes,Yes,1,2,16,56,16,7,High Engagement,62.7,1,57,45,20,34
U103,11/21/2025,12,13,Yes,10,Yes,3,Guardian of Totems,80,85,Joy,4,3,1,6,1,9,5,56%,Yes,3,Yes,8,Yes,6,Yes,5,20,4,15,7,4,5,11,8,3,Yes,Yes,2,2,18,56,16,3,High Engagement,77.32,1,60,46,20,39
U104,11/21/2025,12,14,Yes,12,Yes,4,Radiant Storyweaver,87,93,Sadness,6,3,2,7,1,11,7,64%,Yes,5,Yes,9,Yes,8,Yes,7,23,5,21,8,7,6,14,9,4,Yes,Yes,3,4,18,64,20,8,High Engagement,89.21,1,50,56,37,37
U105,11/22/2025,8,11,Yes,8,Yes,2,Guardian of Totems,73,78,Anger,3,2,1,5,0,7,5,71%,Yes,2,Yes,7,Yes,4,Yes,3,13,3,13,6,3,4,9,6,2,No,Yes,1,1,14,53,12,2,High Engagement,58.42,1,45,45,28,33
U106,11/22/2025,11,12,Yes,9,Yes,3,Reflective Dreamer,73,84,Sadness,4,2,1,5,1,9,3,33%,Yes,3,Yes,8,Yes,6,Yes,4,20,3,15,6,6,5,10,7,3,Yes,Yes,1,2,17,54,15,5,High Engagement,67.51,1,45,64,28,20
U107,11/23/2025,13,13,Yes,11,Yes,3,Guardian of Totems,81,82,Anger,5,3,2,6,1,10,5,50%,Yes,4,Yes,9,Yes,6,Yes,6,19,4,19,7,7,5,12,8,3,Yes,Yes,2,3,16,56,20,9,High Engagement,82.71,1,52,45,29,37
U108,11/23/2025,9,10,Yes,7,Yes,2,Guardian of Totems,72,69,Fear,3,2,1,4,0,7,4,57%,Yes,2,Yes,6,Yes,5,No,0,10,2,11,4,4,3,8,6,2,No,Yes,1,1,14,46,12,3,High Engagement,54.69,1,43,50,29,19
U109,11/24/2025,12,13,Yes,10,Yes,3,Guardian of Totems,78,86,Fear,4,3,1,6,1,9,7,78%,Yes,3,Yes,8,Yes,7,Yes,5,18,4,15,8,6,5,11,8,3,Yes,Yes,2,2,18,62,17,5,High Engagement,81.56,1,50,55,28,31
U110,11/24/2025,12,14,Yes,12,Yes,4,Radiant Storyweaver,86,91,Sadness,6,4,2,7,1,12,5,42%,Yes,5,Yes,9,Yes,8,Yes,8,24,5,20,8,9,7,15,10,4,Yes,Yes,3,4,17,62,22,5,High Engagement,87.14,1,59,53,27,38
U111,11/25/2025,11,12,Yes,9,Yes,2,Radiant Storyweaver,76,73,Sadness,4,2,1,5,0,8,4,50%,Yes,3,Yes,7,Yes,5,Yes,3,16,3,13,5,4,4,10,7,2,Yes,Yes,1,2,15,47,15,6,High Engagement,67.51,1,45,45,31,28
U112,11/25/2025,9,11,Yes,8,Yes,2,Seeker Dreamer,68,78,Joy,3,2,1,4,0,7,5,71%,Yes,2,Yes,7,Yes,4,Yes,2,13,2,12,5,5,3,9,6,2,No,Yes,1,1,15,45,11,6,High Engagement,57.67,1,48,56,20,22
U113,11/26/2025,13,13,Yes,11,Yes,3,Guardian of Totems,80,86,Joy,5,3,2,6,1,10,8,80%,Yes,4,Yes,9,Yes,7,Yes,6,23,4,19,6,5,5,12,8,3,Yes,Yes,2,3,18,58,16,9,High Engagement,87.96,1,45,48,35,38
U114,11/26/2025,11,12,Yes,10,Yes,3,Radiant Storyweaver,75,84,Joy,4,2,1,5,1,9,4,44%,Yes,3,Yes,8,Yes,6,Yes,4,20,3,18,6,4,5,11,7,3,Yes,Yes,1,2,17,59,17,2,High Engagement,71.55,1,47,48,28,36
U115,11/27/2025,9,11,Yes,9,Yes,2,Reflective Dreamer,69,73,Sadness,4,2,1,5,0,8,4,50%,Yes,2,Yes,7,Yes,5,Yes,3,16,3,15,7,3,4,10,7,2,Yes,Yes,1,2,15,55,17,6,High Engagement,64.72,1,46,51,23,22
U116,11/27/2025,12,14,Yes,12,Yes,4,Radiant Dreamer,87,93,Joy,6,3,2,7,1,11,7,64%,Yes,5,Yes,9,Yes,8,Yes,7,25,5,22,7,6,6,14,9,4,Yes,Yes,3,3,18,67,18,7,High Engagement,88.5,1,58,66,29,27
U117,11/28/2025,9,10,Yes,7,Yes,2,Reflective Dreamer,70,70,Sadness,3,2,1,4,0,6,4,67%,Yes,2,Yes,6,Yes,4,Yes,2,14,2,13,5,3,3,8,6,2,No,Yes,1,1,13,40,11,6,High Engagement,56.01,1,48,48,22,22
U118,11/28/2025,11,13,Yes,10,Yes,3,Vigilant Dreamer,78,81,Surprise,4,3,1,6,1,9,4,44%,Yes,3,Yes,8,Yes,6,Yes,5,21,4,16,7,4,5,11,8,3,Yes,Yes,2,2,18,56,17,7,High Engagement,74.25,1,45,56,33,25
U119,11/29/2025,11,13,Yes,11,Yes,3,Guardian of Totems,78,85,Fear,5,3,2,6,1,10,5,50%,Yes,4,Yes,9,Yes,7,Yes,6,22,4,18,8,6,5,12,8,3,Yes,Yes,2,3,16,57,19,4,High Engagement,78.85,1,45,51,33,34
U120,11/29/2025,9,11,Yes,8,Yes,2,Radiant Dreamer,71,70,Joy,3,2,1,5,0,7,5,71%,Yes,2,Yes,7,Yes,5,Yes,3,16,3,15,6,3,4,9,6,2,No,Yes,1,1,14,51,12,6,High Engagement,62.39,1,45,45,26,25
U121,11/30/2025,11,12,Yes,9,Yes,2,Radiant Storyweaver,72,74,Joy,4,2,1,5,0,8,6,75%,Yes,3,Yes,8,Yes,5,Yes,4,18,3,13,6,4,4,10,7,2,Yes,Yes,1,2,15,51,18,5,High Engagement,75.8,1,45,45,27,29
U122,11/30/2025,12,14,Yes,12,Yes,4,Shadow Explorer,90,91,Fear,6,4,2,7,1,12,5,42%,Yes,5,Yes,9,Yes,8,Yes,8,23,5,21,10,8,7,15,10,4,Yes,Yes,3,4,17,70,21,7,High Engagement,85.67,1,56,67,34,24
U123,12/1/2025,12,13,Yes,10,Yes,3,Reflective Dreamer,74,76,Surprise,4,3,1,6,1,9,5,56%,Yes,3,Yes,8,Yes,6,Yes,5,18,4,15,8,5,5,11,8,3,Yes,Yes,2,2,17,59,15,7,High Engagement,75.3,1,45,45,29,31
U124,12/1/2025,12,13,Yes,11,Yes,3,Radiant Storyweaver,78,82,Surprise,5,3,2,6,1,10,7,70%,Yes,4,Yes,9,Yes,7,Yes,5,19,4,20,6,7,5,12,8,3,Yes,Yes,2,3,16,59,20,3,High Engagement,84.84,1,45,50,33,32
U125,12/2/2025,9,12,Yes,9,Yes,2,Radiant Dreamer,71,79,Surprise,4,2,1,5,0,8,3,38%,Yes,3,Yes,7,Yes,6,Yes,3,18,3,18,6,5,4,10,7,3,Yes,Yes,1,2,16,52,13,6,High Engagement,59.97,1,45,50,26,29
U126,12/2/2025,9,10,Yes,7,Yes,2,Melancholic Dreamwalker,64,69,Sadness,3,2,1,4,0,7,3,43%,Yes,2,Yes,6,Yes,5,No,0,9,2,14,4,3,3,8,6,2,No,Yes,1,1,15,49,14,5,High Engagement,53.73,1,42,42,22,27
U127,12/3/2025,13,14,Yes,12,Yes,4,Shadow Explorer,89,88,Fear,6,3,2,7,1,11,6,55%,Yes,5,Yes,9,Yes,8,Yes,7,22,5,19,7,7,6,14,9,4,Yes,Yes,3,4,17,64,19,7,High Engagement,87.83,1,67,57,22,31
U128,12/3/2025,12,12,Yes,10,Yes,3,Reflective Dreamer,78,80,Surprise,4,2,1,5,1,9,6,67%,Yes,3,Yes,8,Yes,6,Yes,3,19,3,16,6,6,5,10,7,2,Yes,Yes,1,2,15,51,18,4,High Engagement,78.66,1,51,45,27,35
U129,12/4/2025,9,11,Yes,8,Yes,2,Radiant Storyweaver,69,77,Surprise,3,2,1,5,0,7,3,43%,Yes,2,Yes,7,Yes,4,Yes,3,15,3,15,5,3,4,9,6,2,No,Yes,1,1,15,50,14,5,High Engagement,59.21,1,45,46,24,31
U130,12/4/2025,12,13,Yes,11,Yes,3,Guardian of Totems,85,83,Joy,5,3,2,6,1,10,4,40%,Yes,4,Yes,9,Yes,7,Yes,6,20,4,19,6,6,5,12,8,3,Yes,Yes,2,3,17,59,19,7,High Engagement,77.82,1,48,54,37,29
U131,11/20/2025,11,12,Yes,9,Yes,2,Seeker Dreamer,70,76,Surprise,4,2,1,5,0,8,5,63%,Yes,3,Yes,7,Yes,6,Yes,4,17,3,14,7,5,4,10,7,3,Yes,Yes,1,2,15,46,14,4,High Engagement,69.38,1,45,51,25,25
U132,11/21/2025,10,13,Yes,10,Yes,3,Guardian of Totems,76,81,Fear,4,3,1,6,1,9,6,67%,Yes,3,Yes,8,Yes,6,Yes,5,17,4,18,7,5,5,11,8,3,Yes,Yes,2,2,17,55,19,5,High Engagement,75.98,1,47,52,29,29
U133,11/21/2025,8,10,Yes,7,Yes,2,Reflective Dreamer,65,68,Sadness,3,2,1,4,0,6,2,33%,Yes,2,Yes,6,Yes,4,Yes,2,13,2,10,6,4,3,8,6,2,No,Yes,1,1,14,44,14,4,High Engagement,51.43,1,42,50,23,18
U134,11/22/2025,13,14,Yes,12,Yes,4,Vigilant Dreamer,85,94,Surprise,6,4,2,7,1,12,5,42%,Yes,5,Yes,9,Yes,8,Yes,8,24,5,23,10,7,7,15,10,4,Yes,Yes,3,4,16,67,21,7,High Engagement,88.54,1,60,68,25,26
U135,11/22/2025,10,11,Yes,9,Yes,2,Radiant Storyweaver,71,76,Joy,4,2,1,5,0,8,5,63%,Yes,2,Yes,7,Yes,5,Yes,3,16,3,14,5,5,4,10,7,2,Yes,Yes,1,2,16,51,13,2,High Engagement,65.61,1,45,51,26,25
U136,11/23/2025,13,13,Yes,11,Yes,3,Radiant Dreamer,81,86,Joy,5,3,2,6,1,10,7,70%,Yes,4,Yes,9,Yes,7,Yes,5,22,4,20,6,5,5,12,8,3,Yes,Yes,2,3,18,55,20,8,High Engagement,88.82,1,56,49,25,37
U137,11/23/2025,8,11,Yes,8,Yes,2,Radiant Storyweaver,70,70,Joy,3,2,1,5,0,7,3,43%,Yes,2,Yes,7,Yes,5,Yes,2,15,2,15,4,5,4,9,6,2,No,Yes,1,1,16,46,15,7,High Engagement,57.81,1,46,45,24,25
U138,11/24/2025,11,13,Yes,10,Yes,3,Radiant Storyweaver,74,79,Surprise,4,3,1,6,1,9,4,44%,Yes,3,Yes,8,Yes,6,Yes,5,21,4,18,6,6,5,11,8,3,Yes,Yes,2,2,18,57,19,5,High Engagement,76.07,1,47,45,27,34
U139,11/24/2025,13,14,Yes,12,Yes,4,Radiant Dreamer,86,87,Surprise,6,3,2,7,1,11,6,55%,Yes,5,Yes,9,Yes,8,Yes,7,26,5,21,8,8,6,14,9,4,Yes,Yes,3,4,18,60,20,4,High Engagement,90.96,1,64,61,22,26
U140,11/25/2025,9,12,Yes,9,Yes,2,Guardian of Totems,74,79,Fear,4,2,1,5,0,8,6,75%,Yes,3,Yes,8,Yes,5,Yes,4,16,3,14,6,4,4,10,7,2,Yes,Yes,1,2,16,49,14,7,High Engagement,66.43,1,48,48,26,31
U141,11/25/2025,11,13,Yes,11,Yes,3,Radiant Storyweaver,78,82,Joy,5,3,2,6,1,10,3,30%,Yes,4,Yes,9,Yes,7,Yes,6,21,4,18,7,7,5,12,8,3,Yes,Yes,2,3,18,64,17,7,High Engagement,72.03,1,45,54,33,28
U142,11/26/2025,9,10,Yes,7,Yes,2,Melancholic Dreamwalker,65,76,Joy,3,2,1,4,0,7,3,43%,Yes,2,Yes,6,Yes,5,No,0,10,2,13,6,4,3,8,6,2,No,Yes,1,1,14,47,12,3,High Engagement,52.47,1,46,50,19,26
U143,11/26/2025,11,12,Yes,10,Yes,3,Reflective Dreamer,75,76,Joy,4,2,1,5,1,9,5,56%,Yes,3,Yes,8,Yes,6,Yes,4,16,3,14,6,6,5,11,7,3,Yes,Yes,1,2,15,50,18,7,High Engagement,72.46,1,45,54,30,22
U144,11/27/2025,12,14,Yes,12,Yes,4,Guardian of Totems,84,88,Joy,6,4,2,7,1,12,9,75%,Yes,5,Yes,9,Yes,8,Yes,8,27,5,23,8,7,7,15,10,4,Yes,Yes,3,4,18,62,19,6,High Engagement,94.97,1,62,61,22,27
U145,11/27/2025,9,11,Yes,8,Yes,2,Melancholic Dreamwalker,71,72,Fear,3,2,1,5,0,7,3,43%,Yes,2,Yes,7,Yes,4,Yes,3,15,3,12,4,5,4,9,6,2,No,Yes,1,1,16,50,14,6,High Engagement,59.21,1,45,45,26,27
U146,11/28/2025,10,12,Yes,9,Yes,2,Guardian of Totems,72,80,Fear,4,2,1,5,0,8,4,50%,Yes,3,Yes,7,Yes,6,Yes,3,16,3,15,6,4,4,10,7,3,Yes,Yes,1,2,16,47,16,5,High Engagement,66.11,1,45,59,27,21
U147,11/28/2025,11,13,Yes,11,Yes,3,Shadow Explorer,76,86,Sadness,5,3,2,6,1,10,6,60%,Yes,4,Yes,9,Yes,7,Yes,5,23,4,16,7,5,5,12,8,3,Yes,Yes,2,3,18,54,18,4,High Engagement,80.72,1,53,51,23,35
